text,label
"Scientists at NASA confirm the successful landing of a new rover on Mars after a seven month journey through space.",REAL
"Government announces new infrastructure budget to repair highways and bridges across the country next fiscal year.",REAL
"Local hospital reports record number of flu vaccinations administered this winter season amid public health campaign.",REAL
"Central bank raises interest rates by quarter point in effort to control inflation, officials say in press briefing.",REAL
"Study published in peer reviewed journal finds regular exercise linked to improved cardiovascular health in adults.",REAL
"City council approves new public transit line connecting downtown to suburban neighborhoods, construction to begin spring.",REAL
"World Health Organization releases updated guidelines on nutrition recommending reduced sugar intake for children.",REAL
"Stock markets closed higher today after strong quarterly earnings reports from major technology companies.",REAL
"University researchers develop new battery technology that could extend electric vehicle range by thirty percent.",REAL
"National weather service issues advisory for heavy rainfall expected across the region this weekend.",REAL
"Parliament passes new legislation aimed at reducing carbon emissions from industrial manufacturing plants by twenty percent.",REAL
"Local school district announces expanded free lunch program for low income families starting next semester.",REAL
"Researchers at leading university publish findings on renewable energy storage in respected scientific journal.",REAL
"Officials confirm bridge repair project completed ahead of schedule and under budget this quarter.",REAL
"Health department reminds residents to get annual checkups as part of preventive care initiative.",REAL
"Company reports quarterly revenue growth of eight percent driven by strong overseas sales figures.",REAL
"Election commission announces new polling stations to improve voter access in rural areas next election.",REAL
"Doctors recommend drinking eight glasses of water daily as part of general wellness advice.",REAL
"Space agency schedules next satellite launch for early next month pending final safety checks.",REAL
"City reports decrease in crime rate following increased community policing efforts over the past year.",REAL
"Scientists discover secret alien base hidden under the ocean, government refuses to comment on leaked photos.",FAKE
"Miracle fruit found in Amazon rainforest cures all forms of cancer overnight, doctors hate this one trick.",FAKE
"Celebrity secretly replaced by robot clone, insider reveals shocking evidence of body double conspiracy.",FAKE
"Drinking bleach mixed with lemon juice will boost your immune system and cure common cold instantly.",FAKE
"Moon landing was filmed in a Hollywood studio, newly leaked documents finally prove it was all fake.",FAKE
"Government secretly controls weather using hidden machines to punish cities that vote against them.",FAKE
"Man claims he time traveled to year 3000 and warns of impending robot uprising within five years.",FAKE
"Vaccines contain microchips that let the government track your every move, whistleblower reveals shocking truth.",FAKE
"Scientists confirm the earth is actually flat after secret satellite images leaked online this week.",FAKE
"Billionaire reveals he built underground bunker city to survive alien invasion planned for next year.",FAKE
"New study proves eating chocolate every hour makes you lose ten pounds a week with zero exercise.",FAKE
"Famous actor spotted shape shifting into lizard form during live television interview, viewers shocked.",FAKE
"Secret society of world leaders meets on hidden island to plan global population control experiment.",FAKE
"Local man discovers ancient pyramid buried in his backyard, archaeologists refuse to investigate the site.",FAKE
"Breaking news anchor accidentally reveals news is scripted by aliens controlling world governments secretly.",FAKE
"Doctors baffled as woman grows extra finger after receiving flu shot, hospital tries to hide records.",FAKE
"Ancient prophecy predicts world will end next Friday according to unnamed source close to the Vatican.",FAKE
"Popular soda brand secretly owned by government to control minds of entire population, insider confirms.",FAKE
"Ghost caught on security camera haunting abandoned mall, paranormal experts declare it definitive proof.",FAKE
"Fast food chain admits burgers are made of synthetic plastic to cut costs, viral post claims.",FAKE
